,Chapter 1: An Industry Overview of AI,Chapter 2: AI Technologies,Chapter 3: Implementing AI in an Enterprise,Chapter 4: Applications of AI in Finance
0,Module 1: Introduction to Artificial Intelligence,"Module 5: AI, Machine Learning and Deep Learning",Module 9: Integrating AI at a Strategic Level,Module 13: Wealth and Asset Management
1,Module 2: Use cases of AI outside of Finance,Module 6: Building AI systems,Module 10: Infrastructure for AI,Module 14: Insurance
2,Module 3: Use cases of AI in Finance,Module 7: Natural Language Processing,Module 11: The Role of People,Module 15: Customer service
3,Module 4: Industry drivers of AI in Finance,Module 8: Recommendation Engine,Module 12: Ethics and risks,Module 16: Robotic Process Automation
4,,,,Module 17: Credit Scoring
5,,,,Module 18: Compliance and Fraud Detection
